Census year,Block ID,Property ID,Base property ID,Street address,CLUE small area,Trading name,Number of patrons,x coordinate,y coordinate,Location
2018,66,109952,109952,7-9 Waratah Place,Melbourne (CBD),Manchuria,80,144.96699,-37.81162,"(-37.81162489, 144.9669903)"
2018,35,105919,105919,267 Little Collins Street,Melbourne (CBD),Polepole Bar,100,144.96560,-37.81484,"(-37.81483564, 144.9656017)"
2018,25,101789,101789,252-254 Flinders Lane,Melbourne (CBD),Hell's Kitchen,55,144.96560,-37.81660,"(-37.81660364, 144.9655965)"
2018,55,109284,109284,191-205 Swanston Street,Melbourne (CBD),Black Opal,200,144.96500,-37.81310,"(-37.8130993, 144.9650002)"
2018,66,109392,109392,248-258 Swanston Street,Melbourne (CBD),Mesa Verde,175,144.96527,-37.81199,"(-37.81199286, 144.9652667)"
2018,64,104659,104659,67-73 Hardware Lane,Melbourne (CBD),The Mill,119,144.96091,-37.81323,"(-37.81323464, 144.9609079)"
2018,23,106436,106436,54-60 Market Street,Melbourne (CBD),Oak & Vine Bar,370,144.96083,-37.81778,"(-37.81777731, 144.9608316)"
2018,35,558610,558610,256 Collins Street,Melbourne (CBD),The Butterfly Club,190,144.96529,-37.81553,"(-37.8155253, 144.9652908)"
2018,66,105694,105694,233-237 Lonsdale Street,Melbourne (CBD),Mezcalito Agave Bar,100,144.96555,-37.81158,"(-37.81158023, 144.9655479)"
2018,85,105746,105746,183-265 La Trobe Street,Melbourne (CBD),Diesel Bar,375,144.96276,-37.81090,"(-37.81090175, 144.9627564)"
2018,56,101206,101206,188 Bourke Street,Melbourne (CBD),Heros Rooftop Bar,302,144.96761,-37.81270,"(-37.81269743, 144.9676139)"
2018,76,589841,105749,221 Little Lonsdale Street,Melbourne (CBD),Strike Bowling,370,144.96570,-37.81068,"(-37.81067862, 144.9657001)"
2018,35,105919,105919,267 Little Collins Street,Melbourne (CBD),Bar Americano,10,144.96560,-37.81484,"(-37.81483564, 144.9656017)"
2018,76,589841,105749,221 Little Lonsdale Street,Melbourne (CBD),Father's Office,370,144.96570,-37.81068,"(-37.81067862, 144.9657001)"
2018,46,108537,108537,131-141 Russell Street,Melbourne (CBD),QT Melbourne,885,144.96783,-37.81343,"(-37.81342913, 144.9678271)"
2018,64,105700,105700,359-363 Lonsdale Street,Melbourne (CBD),Whitehart,200,144.96188,-37.81275,"(-37.81275037, 144.9618757)"
2018,66,109390,109390,264-266 Swanston Street,Melbourne (CBD),Goldilocks,60,144.96515,-37.81181,"(-37.81181062, 144.9651473)"
2018,36,102152,102152,162-168 Collins Street,Melbourne (CBD),The George on Collins,620,144.96785,-37.81450,"(-37.81450314, 144.9678477)"
2018,85,105746,105746,183-265 La Trobe Street,Melbourne (CBD),Melbourne Central Lion Hotel,550,144.96276,-37.81090,"(-37.81090175, 144.9627564)"
2018,85,105746,105746,183-265 La Trobe Street,Melbourne (CBD),Strike Melbourne Central,760,144.96276,-37.81090,"(-37.81090175, 144.9627564)"
2018,85,105746,105746,183-265 La Trobe Street,Melbourne (CBD),B. Lucky & Sons,300,144.96276,-37.81090,"(-37.81090175, 144.9627564)"
2018,85,105746,105746,183-265 La Trobe Street,Melbourne (CBD),Hoyts,300,144.96276,-37.81090,"(-37.81090175, 144.9627564)"
2018,66,109392,109392,248-258 Swanston Street,Melbourne (CBD),Cookie,300,144.96527,-37.81199,"(-37.81199286, 144.9652667)"
2018,65,105875,105875,318-322 Little Bourke Street,Melbourne (CBD),Penny Blue,85,144.96313,-37.81293,"(-37.81292516, 144.9631275)"
2018,66,105695,105695,239 Lonsdale Street,Melbourne (CBD),Ferdydurke,100,144.96538,-37.81159,"(-37.81159495, 144.9653779)"
2018,76,589841,105749,221 Little Lonsdale Street,Melbourne (CBD),Idarts Hive,100,144.96570,-37.81068,"(-37.81067862, 144.9657001)"
2018,6,578327,573333,2 Swanston Street,Melbourne (CBD),Zinc at Federation Square,1000,144.97052,-37.81778,"(-37.81777783, 144.9705233)"
2018,54,109954,109954,15-19 Warburton Lane,Melbourne (CBD),Murmur,50,144.96185,-37.81381,"(-37.81381257, 144.9618461)"
2018,45,105960,105960,318-322 Little Collins Street,Melbourne (CBD),New Guernica,380,144.96401,-37.81488,"(-37.81488401, 144.9640096)"
2018,24,103174,103174,55-57 Elizabeth Street,Melbourne (CBD),Fiftyfive,88,144.96413,-37.81697,"(-37.81697239, 144.9641298)"
2018,14,103165,103165,1-5 Elizabeth Street,Melbourne (CBD),Dreams Gentlemen's Club,160,144.96461,-37.81806,"(-37.81805663, 144.964608)"
2018,6,578321,573333,2 Swanston Street,Melbourne (CBD),Beer De Luxe,1000,144.97052,-37.81778,"(-37.81777783, 144.9705233)"
2018,55,101194,101194,314-336 Bourke Street,Melbourne (CBD),Mural Hall,900,144.96383,-37.81345,"(-37.8134506, 144.9638271)"
2018,14,104003,104003,2-8 Queen Street,Melbourne (CBD),Candela Nuevo,300,144.96271,-37.81859,"(-37.81858764, 144.9627099)"
2018,16,103938,103938,187 Flinders Lane,Melbourne (CBD),Mon Bijou,180,144.96838,-37.81636,"(-37.81635747, 144.9683752)"
2018,14,103946,103946,313-315 Flinders Lane,Melbourne (CBD),Randy Dragon,100,144.96385,-37.81764,"(-37.81763876, 144.9638509)"
2018,35,109271,109271,125-133 Swanston Street,Melbourne (CBD),Max Watt's,800,144.96580,-37.81472,"(-37.81472249, 144.9658025)"
2018,46,105964,105964,188-194 Little Collins Street,Melbourne (CBD),Gin Palace,150,144.96758,-37.81391,"(-37.81390784, 144.9675812)"
2018,46,101133,101133,209-215 Bourke Street,Melbourne (CBD),Treasure Star,150,144.96730,-37.81328,"(-37.81328013, 144.9673002)"
2018,84,103207,103207,315-321 Elizabeth Street,Melbourne (CBD),The Meeting Place,250,144.96147,-37.81125,"(-37.81124948, 144.961472)"
2018,64,515538,515538,4-6 Goldie Place,Melbourne (CBD),Paris Cat Jazz Club,120,144.96083,-37.81352,"(-37.81351797, 144.9608287)"
2018,54,104653,104653,21-25 Hardware Lane,Melbourne (CBD),Campari House,326,144.96131,-37.81409,"(-37.81409145, 144.9613142)"
2018,46,111394,111394,16-30 Russell Place,Melbourne (CBD),Bar Ampere,60,144.96744,-37.81357,"(-37.81356949, 144.9674365)"
2018,64,104659,104659,67-73 Hardware Lane,Melbourne (CBD),Charlie's Bar,143,144.96091,-37.81323,"(-37.81323464, 144.9609079)"
2018,12,105401,105401,14-20 King Street,Melbourne (CBD),Tramp Bar,200,144.95771,-37.81978,"(-37.81977597, 144.9577144)"
2018,74,106019,106019,399-401 Little Lonsdale Street,Melbourne (CBD),Novotel/Ibis Melbourne Central,786,144.96014,-37.81204,"(-37.81204345, 144.9601361)"
2018,63,105867,105867,428-432 Little Bourke Street,Melbourne (CBD),DANSK Restaurant,100,144.95973,-37.81392,"(-37.81392027, 144.9597266)"
2018,43,108068,108068,111-129 Queen Street,Melbourne (CBD),Karstens At CQ,170,144.96063,-37.81581,"(-37.81581229, 144.9606335)"
2018,43,108068,108068,111-129 Queen Street,Melbourne (CBD),Blue Diamond,200,144.96063,-37.81581,"(-37.81581229, 144.9606335)"
2018,33,108064,108064,85-91 Queen Street,Melbourne (CBD),Melbourne Black Rabbit,230,144.96102,-37.81650,"(-37.81649726, 144.9610212)"
2018,43,108068,108068,111-129 Queen Street,Melbourne (CBD),CQ Bar,100,144.96063,-37.81581,"(-37.81581229, 144.9606335)"
2018,66,635138,635138,13 Heffernan Lane,Melbourne (CBD),Union Electric,100,144.96659,-37.81180,"(-37.81180175, 144.9665913)"
2018,16,108532,108532,27-37 Russell Street,Melbourne (CBD),Whiskey Den,40,144.96925,-37.81599,"(-37.8159874, 144.9692477)"
2018,16,104020,104020,150-162 Flinders Street,Melbourne (CBD),Forum Theatre Bar,1500,144.96939,-37.81649,"(-37.81648561, 144.9693865)"
2018,12,105401,105401,14-20 King Street,Melbourne (CBD),Spearmint Rhino Gentlemen's Club,660,144.95771,-37.81978,"(-37.81977597, 144.9577144)"
2018,43,105954,105954,422-428 Little Collins Street,Melbourne (CBD),Little Red Pocket,200,144.96033,-37.81591,"(-37.81590777, 144.9603263)"
2018,74,106017,106017,391-393 Little Lonsdale Street,Melbourne (CBD),La La Land,175,144.96034,-37.81187,"(-37.81187419, 144.9603413)"
2018,85,105746,105746,183-265 La Trobe Street,Melbourne (CBD),Party World,500,144.96276,-37.81090,"(-37.81090175, 144.9627564)"
2018,85,109302,109302,281-287 Swanston Street,Melbourne (CBD),Bornga,40,144.96436,-37.81143,"(-37.81143183, 144.9643593)"
2018,85,109302,109302,281-287 Swanston Street,Melbourne (CBD),Mui Karaoke,243,144.96436,-37.81143,"(-37.81143183, 144.9643593)"
2018,85,102596,102596,22 Drewery Place,Melbourne (CBD),Sister Bella,80,144.96382,-37.81135,"(-37.81134911, 144.9638167)"
2018,6,578324,573333,2 Swanston Street,Melbourne (CBD),Transport Hotel,600,144.97052,-37.81778,"(-37.81777783, 144.9705233)"
2018,6,578324,573333,2 Swanston Street,Melbourne (CBD),Transit Rooftop Bar,200,144.97052,-37.81778,"(-37.81777783, 144.9705233)"
2018,55,109284,109284,191-205 Swanston Street,Melbourne (CBD),Cocoon Bar,200,144.96500,-37.81310,"(-37.8130993, 144.9650002)"
2018,14,103172,103172,31-39 Elizabeth Street,Melbourne (CBD),The Joint Bar,329,144.96433,-37.81742,"(-37.81742176, 144.9643313)"
2018,66,105694,105694,233-237 Lonsdale Street,Melbourne (CBD),The Emerald Peacock,300,144.96555,-37.81158,"(-37.81158023, 144.9655479)"
2018,84,106037,106037,324-328 Little Lonsdale Street,Melbourne (CBD),Alchemist's Refuge,60,144.95994,-37.81167,"(-37.81167474, 144.9599405)"
2018,74,106018,106018,395-397 Little Lonsdale Street,Melbourne (CBD),Horse Bazaar,158,144.96025,-37.81190,"(-37.81190062, 144.96025)"
2018,12,104824,104824,11A Highlander Lane,Melbourne (CBD),Highlander Bar,202,144.95797,-37.81970,"(-37.81970318, 144.9579702)"
2018,46,109413,109413,146 Swanston Street,Melbourne (CBD),Cabinet Bar,90,144.96621,-37.81418,"(-37.81417663, 144.9662054)"
2018,55,101193,101193,338-352 Bourke Street,Melbourne (CBD),Alto Event Space,400,144.96329,-37.81360,"(-37.81360405, 144.9632886)"
2018,65,105875,105875,318-322 Little Bourke Street,Melbourne (CBD),Beneath Driver Lane,118,144.96313,-37.81293,"(-37.81292516, 144.9631275)"
2018,66,109436,109436,27-29 Tattersalls Lane,Melbourne (CBD),Section 8 Bar,100,144.96539,-37.81176,"(-37.81176162, 144.965392)"
2018,66,109392,109392,248-258 Swanston Street,Melbourne (CBD),The Toff In Town,342,144.96527,-37.81199,"(-37.81199286, 144.9652667)"
2018,66,109392,109392,248-258 Swanston Street,Melbourne (CBD),Rooftop Cinema & Bar,200,144.96527,-37.81199,"(-37.81199286, 144.9652667)"
2018,14,103950,103950,335-339 Flinders Lane,Melbourne (CBD),Bartronica,200,144.96323,-37.81785,"(-37.81784797, 144.9632259)"
2018,15,103944,103944,277-279 Flinders Lane,Melbourne (CBD),The Mill House Bar,400,144.96530,-37.81724,"(-37.81724244, 144.9652976)"
2018,66,108547,108547,199-203 Russell Street,Melbourne (CBD),Exford Hotel,300,144.96734,-37.81179,"(-37.81179188, 144.9673409)"
2018,66,105878,105878,242-244 Little Bourke Street,Melbourne (CBD),Shanghai Club,209,144.96559,-37.81214,"(-37.81214275, 144.9655866)"
2018,66,105691,105691,209-211 Lonsdale Street,Melbourne (CBD),Boilermaker House,180,144.96626,-37.81143,"(-37.81143334, 144.9662603)"
2018,56,101207,101207,184-186 Bourke Street,Melbourne (CBD),Stars KTV and Lounge,204,144.96769,-37.81268,"(-37.81267583, 144.967689)"
2018,35,102141,102141,280-292 Collins Street,Melbourne (CBD),The Charles Dickens Tavern,450,144.96437,-37.81553,"(-37.8155277, 144.9643732)"
2018,14,101099,101099,16-26 Bond Street,Melbourne (CBD),Bond Bar,500,144.96306,-37.81815,"(-37.81814586, 144.963058)"
2018,46,101130,101130,193-199 Bourke Street,Melbourne (CBD),The Carlton Hotel,366,144.96765,-37.81320,"(-37.81320476, 144.9676457)"
2018,15,109257,109257,1-7 Swanston Street,Melbourne (CBD),Young & Jacksons,470,144.96702,-37.81736,"(-37.81735593, 144.967023)"
2018,65,109292,109292,243-249 Swanston Street,Melbourne (CBD),The Lounge,212,144.96474,-37.81230,"(-37.81230096, 144.9647364)"
2018,64,105870,105870,380-384 Little Bourke Street,Melbourne (CBD),Kirk's Public Bar,98,144.96133,-37.81354,"(-37.81354352, 144.9613286)"
2018,64,105704,105704,377-381 Lonsdale Street,Melbourne (CBD),Trapt Bar & Escape Rooms,331,144.96145,-37.81292,"(-37.81292478, 144.9614545)"
2018,85,109304,109304,301-303 Swanston Street,Melbourne (CBD),Cheek,98,144.96419,-37.81108,"(-37.81107779, 144.964194)"
2018,85,102597,102597,2-20 Drewery Place,Melbourne (CBD),Baroq House,303,144.96397,-37.81130,"(-37.81130312, 144.96397)"
2018,46,105963,105963,196-212 Little Collins Street,Melbourne (CBD),Hana,50,144.96715,-37.81382,"(-37.81382403, 144.967153)"
2018,46,108536,108536,115-127 Russell Street,Melbourne (CBD),Portland Hotel,414,144.96820,-37.81367,"(-37.81367331, 144.9681998)"
2018,16,103938,103938,187 Flinders Lane,Melbourne (CBD),The Adelphi Hotel,80,144.96838,-37.81636,"(-37.81635747, 144.9683752)"
2018,74,104662,104662,106-112 Hardware Street,Melbourne (CBD),Mjolner Melbourne,200,144.96068,-37.81214,"(-37.81213636, 144.9606803)"
2018,48,101116,101116,79-85 Bourke Street,Melbourne (CBD),Good Heavens,400,144.97104,-37.81218,"(-37.81217966, 144.9710397)"
2018,58,101238,101238,2-8 Bourke Street,Melbourne (CBD),Imperial Hotel,894,144.97268,-37.81120,"(-37.8112006, 144.9726756)"
2018,58,105828,105828,19-25 Little Bourke Street,Melbourne (CBD),Mrs Parma's,300,144.97199,-37.81074,"(-37.81074265, 144.9719902)"
2018,87,108567,108567,300 Russell Street,Melbourne (CBD),Jankara Karaoke,80,144.96690,-37.80952,"(-37.80951656, 144.9669038)"
2018,87,101023,101023,25 Bennetts Lane,Melbourne (CBD),Bennetts Lane Jazz Club,300,144.96756,-37.80889,"(-37.8088919, 144.9675577)"
2018,48,101109,101109,39-43 Bourke Street,Melbourne (CBD),Spleen Central,100,144.97205,-37.81194,"(-37.81193549, 144.9720477)"
2018,48,503031,503031,19-23 Meyers Place,Melbourne (CBD),Loop Project Space & Bar,152,144.97211,-37.81215,"(-37.81215229, 144.972108)"
2018,48,101113,101113,59-63 Bourke Street,Melbourne (CBD),Club Asuka,150,144.97157,-37.81213,"(-37.81212563, 144.9715656)"
2018,78,103618,103618,242-284 Exhibition Street,Melbourne (CBD),Coopers Inn,400,144.96998,-37.80942,"(-37.80941511, 144.9699756)"
2018,48,103626,103626,114-122 Exhibition Street,Melbourne (CBD),European Bier Cafe,550,144.97120,-37.81286,"(-37.81285571, 144.971197)"
2018,48,105968,105968,62-66 Little Collins Street,Melbourne (CBD),Magic Mountain Saloon,285,144.97144,-37.81281,"(-37.81280967, 144.9714419)"
2018,115,104103,104103,34-38 Franklin Street,Melbourne (CBD),Captain Melville,355,144.96162,-37.80752,"(-37.80752193, 144.9616202)"
2018,37,102158,102158,86-88 Collins Street,Melbourne (CBD),Collins Quarter,290,144.97058,-37.81394,"(-37.81393792, 144.9705844)"
2018,17,103928,103928,133-135 Flinders Lane,Melbourne (CBD),Meatball & Wine Bar,110,144.97016,-37.81573,"(-37.81573307, 144.9701589)"
2018,57,106433,106433,18-24 Market Lane,Melbourne (CBD),Ding Dong Lounge,300,144.96940,-37.81175,"(-37.81175109, 144.9694035)"
2018,57,101217,101217,124-128 Bourke Street,Melbourne (CBD),Welcome Stranger,350,144.96926,-37.81207,"(-37.81207135, 144.9692644)"
2018,57,101212,101212,152-158 Bourke Street,Melbourne (CBD),Charltons Entertainment Complex / Roxanne Bar,1500,144.96852,-37.81208,"(-37.81207819, 144.9685177)"
2018,67,108581,108581,226-236 Russell Street,Melbourne (CBD),Heartbreaker,170,144.96764,-37.81098,"(-37.81098245, 144.9676439)"
2018,17,103925,103925,121-123 Flinders Lane,Melbourne (CBD),Sake Restaurant and Bar,350,144.97051,-37.81567,"(-37.81566963, 144.9705136)"
2018,17,103922,103922,95-101 Flinders Lane,Melbourne (CBD),Garden State Hotel,840,144.97110,-37.81553,"(-37.81552915, 144.9710987)"
2018,77,108573,108573,270 Russell Street,Melbourne (CBD),Whisky and Alement,90,144.96716,-37.81011,"(-37.81011058, 144.9671579)"
2018,57,101221,101221,94-96 Bourke Street,Melbourne (CBD),The Elephant and Wheelbarrow,450,144.97024,-37.81191,"(-37.81191319, 144.9702436)"
2018,57,101216,101216,21-25 Croft Alley,Melbourne (CBD),The Croft Institute,250,144.96909,-37.81206,"(-37.81206289, 144.9690875)"
2018,17,574438,574438,84-94 Flinders Street,Melbourne (CBD),Eau-De-Vie,150,144.97169,-37.81584,"(-37.81583901, 144.971687)"
2018,58,105657,105657,21 Liverpool Street,Melbourne (CBD),Double Happiness Bar / New Gold Mountain,164,144.97126,-37.81118,"(-37.81118096, 144.9712641)"
2018,57,101214,101214,146-150 Bourke Street,Melbourne (CBD),FM Karaoke Bar,100,144.96874,-37.81236,"(-37.81235602, 144.9687424)"
2018,27,102064,102064,69-73 Collins Street,Melbourne (CBD),Harley House,210,144.97135,-37.81434,"(-37.81434446, 144.9713492)"
2018,87,106059,106059,100 Little Lonsdale Street,Melbourne (CBD),Gami Chicken and Beer,73,144.96872,-37.80914,"(-37.80913618, 144.9687197)"
2018,95,109314,109314,401-405 Swanston Street,Melbourne (CBD),Red Love Bar Musicroom,360,144.96322,-37.80904,"(-37.80904299, 144.9632177)"
2018,17,103592,103592,11-37 Exhibition Street,Melbourne (CBD),The Fair Trader Cafe,118,144.97173,-37.81546,"(-37.81546136, 144.9717264)"
2018,17,103926,103926,125-127 Flinders Lane,Melbourne (CBD),GoGo Bar,300,144.97040,-37.81569,"(-37.81568854, 144.9703999)"
2018,67,105675,105675,113 Lonsdale Street,Melbourne (CBD),Seamstress,160,144.96901,-37.81057,"(-37.81056542, 144.9690111)"
2018,67,102198,102198,22-26 Corrs Lane,Melbourne (CBD),Gr8 Bar,50,144.96832,-37.81100,"(-37.81099753, 144.9683243)"
2018,78,110721,580091,33-39 Little Lonsdale Street,Melbourne (CBD),The Fringe,400,144.97073,-37.80919,"(-37.8091852, 144.970729)"
2018,104,103219,103219,413-417 Elizabeth Street,Melbourne (CBD),Workshop,230,144.96052,-37.80919,"(-37.80918734, 144.9605226)"
2018,17,103924,103924,107-109 Flinders Lane,Melbourne (CBD),Jack & Bones,230,144.97083,-37.81561,"(-37.81560639, 144.9708344)"
2018,67,102200,102200,12-14 Corrs Lane,Melbourne (CBD),Fad Gallery,80,144.96843,-37.81123,"(-37.81122961, 144.9684323)"
2018,57,101218,101218,118-122 Bourke Street,Melbourne (CBD),Fireflies Club,72,144.96955,-37.81208,"(-37.81207508, 144.9695482)"
2018,58,101230,101230,54-62 Bourke Street,Melbourne (CBD),Romeo Lane,25,144.97138,-37.81156,"(-37.81155875, 144.9713796)"
2018,58,108986,108986,161 Spring Street,Melbourne (CBD),The European,703,144.97243,-37.81095,"(-37.81095112, 144.972429)"
2018,17,103921,103921,91-93 Flinders Lane,Melbourne (CBD),Papa Goose / Mary Fortune Cocktail Bar,440,144.97122,-37.81548,"(-37.81547689, 144.9712178)"
2018,27,597183,102071,121-131 Collins Street,Melbourne (CBD),Spice Market,800,144.96987,-37.81512,"(-37.81511565, 144.9698718)"
2018,104,104085,104085,167-175 Franklin Street,Melbourne (CBD),Disco Bar,200,144.95916,-37.80895,"(-37.80895419, 144.9591562)"
2018,27,541562,102071,121-131 Collins Street,Melbourne (CBD),RU-CO,400,144.96987,-37.81512,"(-37.81511565, 144.9698718)"
2018,67,105673,105673,103-105 Lonsdale Street,Melbourne (CBD),Bomba Tapas Bar and Rooftop,145,144.96925,-37.81049,"(-37.81049347, 144.9692533)"
2018,96,606638,105490,124 La Trobe Street,Melbourne (CBD),Pearson and Murph'y Cafe,156,144.96457,-37.80822,"(-37.80821792, 144.9645663)"
2018,87,106057,106057,106 Little Lonsdale Street,Melbourne (CBD),Troika Bar,60,144.96859,-37.80915,"(-37.80915426, 144.9685897)"
2018,37,102158,102158,86-88 Collins Street,Melbourne (CBD),Ra,83,144.97058,-37.81394,"(-37.81393792, 144.9705844)"
2018,105,109318,109318,427-457 Swanston Street,Melbourne (CBD),The Oxford Scholar Hotel,486,144.96269,-37.80826,"(-37.80826427, 144.9626891)"
2018,97,105493,105493,52 La Trobe Street,Melbourne (CBD),Karaoke Box,300,144.96725,-37.80829,"(-37.80828627, 144.9672463)"
2018,107,108561,108561,380-388 Russell Street,Melbourne (CBD),Blue Moon Bar,170,144.96610,-37.80749,"(-37.80749393, 144.9661001)"
2018,67,102199,102199,16-20 Corrs Lane,Melbourne (CBD),Euro House / Pulp Club,200,144.96838,-37.81113,"(-37.81112932, 144.9683849)"
2018,67,102199,102199,16-20 Corrs Lane,Melbourne (CBD),House of Maximon / Berlin Bar,300,144.96838,-37.81113,"(-37.81112932, 144.9683849)"
2018,18,108977,108977,25-31 Spring Street,Melbourne (CBD),HiHou,80,144.97410,-37.81455,"(-37.81454534, 144.9741014)"
2018,268,108154,108153,49 Rathdowne Street,Carlton,Epocha Restaurant,124,144.96856,-37.80577,"(-37.80577193, 144.9685646)"
2018,247,106238,106238,192-202 Lygon Street,Carlton,Players On Lygon,200,144.96709,-37.80246,"(-37.80246412, 144.9670937)"
2018,252,106244,106244,160-162 Lygon Street,Carlton,Vodka Temple,200,144.96677,-37.80344,"(-37.80344128, 144.9667701)"
2018,215,108202,108202,415-421 Rathdowne Street,Carlton,The Beaufort,66,144.97043,-37.79652,"(-37.79652019, 144.9704269)"
2018,255,101593,101593,91-95 Cardigan Street,Carlton,Hotel Lincoln,154,144.96451,-37.80449,"(-37.80448532, 144.9645059)"
2018,228,101450,101450,223-227 Canning Street,Carlton,Dan O'Connell Hotel,100,144.97339,-37.79303,"(-37.79303042, 144.9733888)"
2018,216,102714,102714,350-352 Drummond Street,Carlton,Eva on Drummond,70,144.96927,-37.79771,"(-37.79771074, 144.9692712)"
2018,260,103276,103276,614-616 Elizabeth Street,Carlton,The Last Jar,250,144.95892,-37.80388,"(-37.80388398, 144.9589248)"
2018,214,106186,106186,414-422 Lygon Street,Carlton,Green Man's Arms,120,144.96781,-37.79695,"(-37.79694543, 144.9678124)"
2018,266,106081,106081,27-31 Lygon Street,Carlton,The Curtin,350,144.96570,-37.80620,"(-37.80619946, 144.9656987)"
2018,204,101613,101613,377-391 Cardigan Street,Carlton,Clyde Hotel,239,144.96575,-37.79726,"(-37.79725509, 144.9657543)"
2018,207,106153,106153,331-335 Lygon Street,Carlton,Wolfs Lair,80,144.96718,-37.79751,"(-37.79751106, 144.9671762)"
2018,218,106215,106215,298 Lygon Street,Carlton,Carlton Yacht Club Bar,46,144.96738,-37.79999,"(-37.79998581, 144.9673763)"
2018,41,105948,105948,582-584 Little Collins Street,Melbourne (CBD),Saint & Rogue,300,144.95535,-37.81741,"(-37.81740997, 144.9553519)"
2018,33,108067,108067,103-105 Queen Street,Melbourne (CBD),Chaise Lounge,140,144.96086,-37.81615,"(-37.8161549, 144.9608594)"
2018,103,100160,100160,196-200 A'Beckett Street,Melbourne (CBD),Nomads Industry Backpackers,200,144.95744,-37.80999,"(-37.80999247, 144.9574428)"
2018,72,110106,110106,263-267 William Street,Melbourne (CBD),Metropolitan Hotel,300,144.95658,-37.81292,"(-37.81292377, 144.9565838)"
2018,62,105384,105384,204-208 King Street,Melbourne (CBD),Great Western Hotel,390,144.95548,-37.81521,"(-37.81521185, 144.9554835)"
2018,11,103993,103993,508-514 Flinders Street,Melbourne (CBD),Waterside Hotel,983,144.95715,-37.82017,"(-37.82016557, 144.9571504)"
2018,43,108069,108069,131-141 Queen Street,Melbourne (CBD),The Turf Bar & Restaurant,527,144.96053,-37.81550,"(-37.81549538, 144.9605337)"
2018,12,103994,103994,502-504 Flinders Street,Melbourne (CBD),Insignia on Flinders,100,144.95766,-37.82006,"(-37.82005642, 144.9576564)"
2018,33,105937,105937,435-443 Little Collins Street,Melbourne (CBD),Marrakech Bar,200,144.96009,-37.81640,"(-37.81639571, 144.9600894)"
2018,33,100727,100727,5-9 Bank Place,Melbourne (CBD),Mitre Tavern,300,144.96029,-37.81680,"(-37.81680411, 144.9602928)"
2018,33,100730,100730,12-16 Bank Place,Melbourne (CBD),Melbourne Savage Club,90,144.96058,-37.81655,"(-37.81654513, 144.9605769)"
2018,33,105936,105936,433 Little Collins Street,Melbourne (CBD),Dikstein's Corner Bar,145,144.96034,-37.81631,"(-37.81631059, 144.9603418)"
2018,33,102124,102124,430-442 Collins Street,Melbourne (CBD),The Mug House,80,144.95976,-37.81703,"(-37.81703245, 144.9597617)"
2018,52,592048,592048,188-202 King Street,Melbourne (CBD),La Di Da,458,144.95562,-37.81551,"(-37.81551339, 144.9556242)"
2018,23,102098,102098,415-417 Collins Street,Melbourne (CBD),The Sherlock Holmes Inn,131,144.96087,-37.81747,"(-37.81746763, 144.9608683)"
2018,11,103984,103984,566-580 Flinders Street,Melbourne (CBD),UBar,98,144.95534,-37.82071,"(-37.82071127, 144.9553429)"
2018,43,108068,108068,111-129 Queen Street,Melbourne (CBD),CitiClub On Queen Hotel,940,144.96063,-37.81581,"(-37.81581229, 144.9606335)"
2018,11,108971,108971,561-585 Flinders Lane,Melbourne (CBD),Holiday Inn On Flinders Melbourne,100,144.95520,-37.82020,"(-37.82020005, 144.9551961)"
2018,33,110148,110148,98-110 William Street,Melbourne (CBD),The Australian Club,280,144.95912,-37.81675,"(-37.81674635, 144.959122)"
2018,33,105933,105933,425-427 Little Collins Street,Melbourne (CBD),The Irish Times,170,144.96054,-37.81625,"(-37.81625453, 144.9605355)"
2018,53,110145,110145,170-176 William Street,Melbourne (CBD),Cafe Lavita On William,50,144.95823,-37.81492,"(-37.81491755, 144.9582279)"
2018,51,108963,108963,672-696 Bourke Street,Melbourne (CBD),Mail Exchange Hotel,600,144.95359,-37.81663,"(-37.81663059, 144.9535902)"
2018,23,102099,102099,419-429 Collins Street,Melbourne (CBD),Ms Collins,850,144.96065,-37.81753,"(-37.81752824, 144.9606534)"
2018,103,104086,104086,211-213 Franklin Street,Melbourne (CBD),Island Somewhere,120,144.95784,-37.80973,"(-37.80972743, 144.9578404)"
2018,42,105392,105392,120-138 King Street,Melbourne (CBD),El Coco,500,144.95641,-37.81703,"(-37.81703253, 144.9564073)"
2018,12,105399,105399,26-32 King Street,Melbourne (CBD),Clique Bar,222,144.95747,-37.81953,"(-37.81952905, 144.957466)"
2018,43,101154,101154,483-501 Bourke Street,Melbourne (CBD),RACV City Club,410,144.95958,-37.81588,"(-37.81588158, 144.9595844)"
2018,71,105318,105318,277-287 King Street,Melbourne (CBD),Hotel Sophia,116,144.95420,-37.81368,"(-37.81367559, 144.9541999)"
2018,61,105308,105308,203-207 King Street,Melbourne (CBD),Bar Humbug,30,144.95497,-37.81539,"(-37.81538872, 144.954969)"
2018,61,105716,105716,597-603 Lonsdale Street,Melbourne (CBD),The Men's Gallery,675,144.95449,-37.81493,"(-37.81493032, 144.9544917)"
2018,21,606461,606461,607-623 Collins Street,Melbourne (CBD),Batman's Hill On Collins Hotel,1500,144.95469,-37.81929,"(-37.81929243, 144.9546898)"
2018,1110,593739,593739,99-127 Pearl River Road,Docklands,Igloo Cafe & St Moritz Bar,100,144.93563,-37.81224,"(-37.8122375, 144.9356315)"
2018,1103,558180,558180,122-148 Harbour Esplanade,Docklands,Legends Bar,250,144.94747,-37.81674,"(-37.81674198, 144.9474724)"
2018,131,108844,108844,1-5 Spencer Street,Docklands,Crown Plaza,60,144.95501,-37.82260,"(-37.82260257, 144.9550088)"
2018,1103,558180,558180,122-148 Harbour Esplanade,Docklands,The Medallion Club,5000,144.94747,-37.81674,"(-37.81674198, 144.9474724)"
2018,1103,558180,558180,122-148 Harbour Esplanade,Docklands,Locker Room Club Bar,500,144.94747,-37.81674,"(-37.81674198, 144.9474724)"
2018,1112,103982,103982,705-729 Flinders Street,Docklands,The Flying Angel Club,200,144.95125,-37.82247,"(-37.8224727, 144.951253)"
2018,1105,640970,640970,14-24 Batmans Hill Drive,Docklands,Hightail,900,144.94985,-37.82133,"(-37.8213316, 144.9498537)"
2018,1108,604125,604125,143-175 Harbour Esplanade,Docklands,Mama Rumaan,60,144.94334,-37.81649,"(-37.81648918, 144.9433368)"
2018,1108,604125,604125,143-175 Harbour Esplanade,Docklands,Alumbra,690,144.94334,-37.81649,"(-37.81648918, 144.9433368)"
2018,1109,601809,593728,425-427 Docklands Drive,Docklands,Waterfront Venues Melbourne,1059,144.93921,-37.81524,"(-37.81524407, 144.939206)"
2018,1109,560004,560004,24-42 Newquay Promenade,Docklands,Solidaire Victoria,321,144.94215,-37.81436,"(-37.8143613, 144.94215)"
2018,1105,628712,628712,717-731 Collins Street,Docklands,Bar Nicional,75,144.95008,-37.82071,"(-37.82070657, 144.9500845)"
2018,1101,108973,108973,85-161 Spencer Street,Docklands,Network Public Bar & Pizzeria,325,144.95223,-37.81761,"(-37.81761091, 144.9522269)"
2018,1103,558180,558180,122-148 Harbour Esplanade,Docklands,E J Whitten Bar,70,144.94747,-37.81674,"(-37.81674198, 144.9474724)"
2018,1104,576024,576023,747-757 Bourke Street,Docklands,The Nixon Hotel,300,144.94780,-37.81938,"(-37.81938088, 144.9477997)"
2018,613,595153,109643,166 Albert Street,East Melbourne,Cohen Cellars Wine Bar,40,144.98562,-37.81005,"(-37.81004733, 144.9856247)"
2018,658,110266,110266,120 Brunton Avenue,East Melbourne,Spotless Services,2800,144.98312,-37.82001,"(-37.82000693, 144.9831243)"
2018,2530,616160,616160,265-271 Racecourse Road,Kensington,The Quiet Man Irishman  Pub,400,144.93236,-37.78861,"(-37.788611, 144.9323646)"
2018,2530,616125,616125,25-27 Rankins Road,Kensington,Flemington & Kensington RSL Club,90,144.93220,-37.78932,"(-37.78932235, 144.9321951)"
2018,508,100820,100820,38-44 Barrett Street,Kensington,Henry St Brewhouse,75,144.93434,-37.79810,"(-37.79810341, 144.9343395)"
2018,345,103402,103402,33 Errol Street,North Melbourne,Townhall Hotel North Melbourne,80,144.94896,-37.80413,"(-37.80412704, 144.9489597)"
2018,377,102236,102236,56-58 Courtney Street,North Melbourne,The Castle Hotel,317,144.95303,-37.80090,"(-37.80089834, 144.9530344)"
2018,327,102352,102352,171-173 Curzon Street,North Melbourne,Albion Hotel,100,144.94855,-37.79890,"(-37.79889874, 144.9485502)"
2018,345,103393,103393,7 Errol Street,North Melbourne,Joe Taylor,60,144.94901,-37.80480,"(-37.80479713, 144.9490137)"
2018,369,103507,103507,86-90 Errol Street,North Melbourne,The Courthouse Hotel,50,144.94996,-37.80288,"(-37.80287774, 144.9499555)"
2018,358,109829,109829,312-316 Victoria Street,North Melbourne,Victoria Hotel,130,144.95570,-37.80563,"(-37.80563234, 144.955705)"
2018,361,109842,109842,240-248 Victoria Street,North Melbourne,Central Club Hotel,150,144.95814,-37.80591,"(-37.80591123, 144.9581357)"
2018,362,109843,109843,232-238 Victoria Street,North Melbourne,The Last Chance Rock & Roll Bar,180,144.95859,-37.80593,"(-37.80593324, 144.9585872)"
2018,358,107887,107887,351-359 Queensberry Street,North Melbourne,Bobbie Peels,240,144.95597,-37.80396,"(-37.80395598, 144.9559674)"
2018,355,105636,105636,46-50 Leveson Street,North Melbourne,The Leveson,400,144.95146,-37.80370,"(-37.80370019, 144.9514593)"
2018,376,508976,110862,42 Courtney Street,North Melbourne,Metropolitan Hotel,100,144.95400,-37.80143,"(-37.80143002, 144.9540002)"
2018,347,110920,110920,161-163 Errol Street,North Melbourne,Limerick Castle Hotel & Restaurant,50,144.94964,-37.80116,"(-37.80115795, 144.9496362)"
2018,270,579293,104468,230 Grattan Street,Parkville,University House Club,611,144.96118,-37.79688,"(-37.79688289, 144.9611833)"
2018,904,556742,556742,419-443 Royal Parade,Parkville,Vibe Hotel,69,144.95881,-37.78290,"(-37.78289819, 144.958807)"
2018,270,664626,104468,230 Grattan Street,Parkville,The Ida Bar,200,144.96118,-37.79688,"(-37.79688289, 144.9611833)"
2018,730,110473,110473,65-73 Haig Street,Southbank,The Backlot Studios,78,144.95657,-37.82789,"(-37.82788536, 144.9565704)"
2018,753,110606,110380,3 Southgate Avenue,Southbank,P J O'Briens Irish Pub & Side Bar,549,144.96630,-37.82072,"(-37.82071819, 144.9663043)"
2018,804,110542,110484,20-30 Convention Centre Place,Southbank,Aerial Events,900,144.95245,-37.82543,"(-37.82542999, 144.9524499)"
2018,804,110988,110988,29-65 South Wharf Promenade,Southbank,Plus 5,90,144.95042,-37.82411,"(-37.82411174, 144.9504151)"
2018,804,110988,110988,29-65 South Wharf Promenade,Southbank,Munich Brau Haus,1100,144.95042,-37.82411,"(-37.82411174, 144.9504151)"
2018,801,110326,110326,4 Riverside Quay,Southbank,Soho Restaurant & Bar,200,144.96338,-37.82092,"(-37.82092447, 144.9633819)"
2018,801,559161,559161,3-7 Riverside Quay,Southbank,Belgian Beer Cafe Melbourne,638,144.96454,-37.82169,"(-37.82168938, 144.9645387)"
2018,730,110401,110401,334-342 City Road,Southbank,Urban Central Accomodation / bar334,334,144.95735,-37.82784,"(-37.82783772, 144.9573529)"
2018,803,597190,110477,8 Whiteman Street,Southbank,Club 23,450,144.95865,-37.82316,"(-37.8231616, 144.95865)"
2018,752,108653,110733,100 St Kilda Road,Southbank,the Barre,300,144.96817,-37.82095,"(-37.82094753, 144.9681703)"
2018,808,110385,110385,174-184 City Road,Southbank,Rumour Restaurant Bar & Lounge,100,144.96191,-37.82384,"(-37.82383574, 144.9619051)"
2018,807,108054,108054,40-56 Queens Bridge Street,Southbank,Mesh/Tonic Bar,300,144.95972,-37.82398,"(-37.82398071, 144.9597217)"
2018,803,111175,110477,8 Whiteman Street,Southbank,Co,560,144.95865,-37.82316,"(-37.8231616, 144.95865)"
2018,801,110335,110335,1-9 Southbank Boulevard,Southbank,Left Bank Melbourne,400,144.96286,-37.82104,"(-37.82103935, 144.9628581)"
2018,803,111175,110477,8 Whiteman Street,Southbank,Jackpot Bar,80,144.95865,-37.82316,"(-37.8231616, 144.95865)"
2018,803,111175,110477,8 Whiteman Street,Southbank,Atrium Bar,100,144.95865,-37.82316,"(-37.8231616, 144.95865)"
2018,803,111175,110477,8 Whiteman Street,Southbank,Velvet Bar,100,144.95865,-37.82316,"(-37.8231616, 144.95865)"
2018,806,110343,640947,27-45 Whiteman Street,Southbank,Kingpin Bowling Crown / Playtime,347,144.95861,-37.82576,"(-37.82575614, 144.9586074)"
2018,803,111175,110477,8 Whiteman Street,Southbank,Therapy,600,144.95865,-37.82316,"(-37.8231616, 144.95865)"
2018,803,111175,110477,8 Whiteman Street,Southbank,The Waiting Room,120,144.95865,-37.82316,"(-37.8231616, 144.95865)"
2018,803,111175,110477,8 Whiteman Street,Southbank,The Atlantic/The Den /The Oyster Bar & Grill/ Fish & Chippery by The Atlantic,508,144.95865,-37.82316,"(-37.8231616, 144.95865)"
2018,803,111175,110477,8 Whiteman Street,Southbank,Lagerfield Bar & Beer Garden,650,144.95865,-37.82316,"(-37.8231616, 144.95865)"
2018,803,111175,110477,8 Whiteman Street,Southbank,Crown Entertainment Complex,320,144.95865,-37.82316,"(-37.8231616, 144.95865)"
2018,804,110542,110484,20-30 Convention Centre Place,Southbank,West Village NYC,150,144.95245,-37.82543,"(-37.82542999, 144.9524499)"
2018,861,102503,102503,161-173 Domain Road,South Yarra,Botanical Hotel,245,144.98170,-37.83432,"(-37.8343169, 144.9817008)"
2018,710,108617,108617,375-385 St Kilda Road,Melbourne (Remainder),Royce Hotel,120,144.97549,-37.83508,"(-37.83508258, 144.9754922)"
2018,419,108876,108876,573-579 Spencer Street,West Melbourne (Residential),McMahons Hotel,160,144.94699,-37.80741,"(-37.80740716, 144.9469876)"
2018,435,107481,107481,65-67 Peel Street,West Melbourne (Residential),The Drunken Poet Pty Ltd,50,144.95550,-37.80667,"(-37.80666768, 144.9554976)"
2018,441,108856,108856,475-477 Spencer Street,West Melbourne (Residential),Hotel Spencer Bar & Grill,150,144.94925,-37.80957,"(-37.80956896, 144.94925)"
